experiment,level,model_family,scope,trained_asset,Asset,Period,model,n_obs,rmse,mae,qlike,actual_mean,prediction_mean
GARCH_Rolling,by_period,GARCH,asset_specific_rolling,KBE,KBE,crisis,GJR_GARCH_11,504,45.8248270671447,22.86704126106634,1.3552167139239706,21.487942525185087,21.38671823639562
GARCH_Rolling,by_period,GARCH,asset_specific_rolling,KBE,KBE,post_crisis,GJR_GARCH_11,880,7.200931724855164,3.7898528929028585,1.6177855051363716,3.551201363740555,4.047324254717731
GARCH_Rolling,by_period,GARCH,asset_specific_rolling,SPY,SPY,crisis,GJR_GARCH_11,504,12.25488953469826,4.978128691673995,1.5097234856389636,4.861622112693699,5.039608311701623
ML_Strict_PreCrisis,by_period,Benchmark,asset_specific,SPY,SPY,post_crisis,Naive_Rolling22,880,2.8786541514463466,1.4285681413996656,1.1096659888870948,1.3100887978011189,1.3231015697107544
GARCH_Rolling,by_period,GARCH,asset_specific_rolling,XLF,XLF,crisis,GJR_GARCH_11,504,36.860085222815506,18.980437187902105,1.4522959911821631,18.360091584501824,18.47682978873784
GARCH_Rolling,by_period,GARCH,asset_specific_rolling,XLF,XLF,post_crisis,GJR_GARCH_11,880,5.965502585792672,3.106925230455332,1.7319700166378864,2.872589686305472,3.2089391426307037
